user_id,age,income,credit_score,existing_loans,employment_status,residence_type,loan_approved
1,56,1117,636,3,unemployed,mortgage,0
2,69,3196,375,1,employed,mortgage,1
3,46,2962,474,4,self-employed,rented,0
4,32,3545,408,3,employed,mortgage,1
5,60,2391,482,2,employed,mortgage,0
6,25,6983,491,1,employed,rented,1
7,38,4730,364,1,employed,owned,1
8,56,2112,773,1,employed,owned,1
9,36,5111,399,4,unemployed,rented,0
10,40,8114,843,0,employed,rented,1
11,28,3183,427,4,employed,mortgage,1
12,28,4039,751,3,employed,rented,1
13,41,2939,668,0,employed,rented,1
14,70,2504,342,3,employed,mortgage,1
15,53,7724,718,0,self-employed,mortgage,1
16,57,1162,787,4,unemployed,rented,0
17,41,3404,377,1,unemployed,owned,1
18,20,5086,569,2,unemployed,rented,0
19,39,4538,614,1,employed,rented,1
20,70,3269,467,4,self-employed,rented,0
21,19,5595,638,0,employed,rented,1
22,41,6950,492,1,employed,mortgage,1
23,61,1356,752,4,employed,rented,1
24,47,9817,582,3,employed,rented,1
25,55,3608,635,2,unemployed,owned,0
26,19,5950,689,1,employed,rented,1
27,38,8361,824,0,unemployed,owned,1
28,50,3519,539,3,employed,mortgage,1
29,29,7306,782,4,employed,owned,1
30,39,4541,757,2,unemployed,rented,1
31,61,4798,388,0,employed,owned,1
32,42,3203,394,4,employed,owned,1
33,66,9580,751,4,employed,rented,1
34,44,1094,727,1,employed,rented,1
35,59,6143,450,1,employed,owned,1
36,45,1936,813,0,employed,rented,1
37,33,2864,675,4,self-employed,rented,1
38,32,7809,321,1,self-employed,rented,1
39,64,5343,612,2,unemployed,owned,0
40,68,1807,818,2,unemployed,rented,0
41,61,6245,505,4,employed,owned,1
42,72,6152,674,1,employed,rented,1
43,69,2235,750,0,employed,owned,1
44,74,1371,478,0,employed,rented,1
45,20,3182,509,0,self-employed,owned,1
46,54,5884,799,2,employed,mortgage,1
47,68,1077,763,1,employed,rented,1
48,24,7859,423,1,employed,owned,1
49,38,2687,412,2,employed,owned,1
50,26,2065,311,0,employed,mortgage,1
51,56,8291,425,0,employed,rented,1
52,35,1840,630,4,employed,rented,0
53,21,9909,582,3,employed,mortgage,1
54,42,8873,439,1,employed,mortgage,1
55,31,9877,700,1,employed,rented,1
56,67,3552,396,1,unemployed,owned,1
57,26,9013,816,3,employed,mortgage,1
58,43,5369,368,4,employed,owned,1
59,70,7153,417,3,self-employed,rented,0
60,19,3153,358,0,employed,rented,1
61,37,8237,332,0,self-employed,rented,1
62,45,5599,617,1,self-employed,rented,1
63,64,1486,349,2,employed,rented,0
64,24,9276,788,1,unemployed,mortgage,1
65,61,5611,318,2,self-employed,owned,0
66,25,9754,496,3,employed,rented,1
67,64,6146,749,0,employed,rented,1
68,52,5843,751,2,self-employed,mortgage,1
69,31,3228,588,3,unemployed,owned,0
70,34,5926,440,0,employed,owned,1
71,53,9020,383,2,employed,owned,1
72,67,9898,690,1,unemployed,owned,1
73,57,8613,514,1,employed,mortgage,1
74,21,4156,825,1,employed,rented,1
75,19,9507,514,3,unemployed,rented,0
76,23,8066,702,1,employed,rented,1
77,71,7340,427,4,employed,rented,1
78,59,838,776,0,unemployed,owned,1
79,21,4142,703,3,unemployed,rented,1
80,71,9878,328,1,employed,rented,1
81,46,3644,637,0,employed,owned,1
82,35,1898,660,2,employed,rented,1
83,43,7827,691,1,self-employed,rented,1
84,61,2623,517,0,employed,owned,1
85,51,3955,501,4,employed,owned,1
86,27,3893,316,2,employed,rented,1
87,53,6458,621,4,self-employed,owned,0
88,31,4578,817,0,employed,mortgage,1
89,48,3696,624,4,employed,owned,1
90,65,1788,711,0,employed,rented,1
91,32,4916,617,0,unemployed,mortgage,1
92,25,7246,381,4,employed,mortgage,1
93,31,4979,773,0,employed,mortgage,1
94,40,2482,767,1,employed,owned,1
95,74,6426,724,0,self-employed,rented,1
96,57,8224,503,3,employed,rented,1
97,38,1733,686,0,employed,owned,1
98,33,4398,397,3,employed,owned,1
99,62,2780,644,0,self-employed,mortgage,1
100,35,3856,507,0,employed,rented,1
101,64,9784,813,4,self-employed,rented,1
102,70,1591,465,1,self-employed,mortgage,0
103,41,6190,321,1,employed,rented,1
104,43,7435,453,2,employed,rented,1
105,42,3055,738,4,employed,rented,1
106,62,4410,594,4,employed,owned,1
107,58,2407,518,1,employed,rented,1
108,46,5979,794,4,employed,mortgage,1
109,32,7373,529,1,self-employed,mortgage,1
110,62,1784,319,4,employed,mortgage,0
111,18,6576,447,0,self-employed,rented,1
112,42,4476,407,1,employed,mortgage,1
113,24,4180,702,1,employed,owned,1
114,26,9511,782,3,self-employed,owned,1
115,41,9582,666,4,employed,rented,1
116,18,1850,713,4,unemployed,rented,0
117,61,4433,608,1,employed,owned,1
118,25,7142,433,0,employed,rented,1
119,41,1759,582,0,unemployed,owned,0
120,28,6859,372,0,employed,rented,1
121,68,9684,780,4,employed,rented,1
122,34,6455,651,3,self-employed,rented,1
123,25,5273,625,1,employed,owned,1
124,52,3746,742,2,self-employed,rented,1
125,52,8525,399,3,unemployed,rented,0
126,50,1326,358,2,unemployed,rented,0
127,22,4024,807,3,employed,rented,1
128,59,2675,557,0,employed,rented,1
129,56,2563,712,4,self-employed,mortgage,1
130,58,9512,751,2,employed,owned,1
131,45,6597,364,3,employed,rented,1
132,24,7899,453,4,employed,rented,1
133,26,5909,565,2,employed,rented,1
134,25,7444,378,1,self-employed,owned,1
135,29,916,614,3,self-employed,owned,0
136,51,3233,547,1,employed,owned,1
137,50,6263,713,0,employed,mortgage,1
138,65,1383,324,1,unemployed,rented,0
139,72,9386,583,1,employed,rented,1
140,40,4588,748,3,self-employed,mortgage,1
141,41,4967,600,0,employed,owned,1
142,54,9265,367,1,employed,mortgage,1
143,52,2189,306,4,employed,rented,0
144,61,9157,436,2,self-employed,rented,0
145,57,6954,463,1,employed,mortgage,1
146,39,6220,382,0,employed,mortgage,1
147,44,9720,719,1,employed,mortgage,1
148,52,2843,372,2,unemployed,owned,0
149,18,4997,536,0,unemployed,mortgage,1
150,52,4296,345,3,employed,mortgage,1
151,54,1578,561,0,employed,rented,1
152,64,1013,475,3,employed,owned,0
153,31,4562,465,0,employed,owned,1
154,20,7531,669,2,employed,mortgage,1
155,18,3917,353,2,employed,rented,1
156,22,6591,718,0,employed,rented,1
157,43,9583,806,1,employed,owned,1
158,72,3520,640,2,employed,owned,1
159,31,9705,426,3,self-employed,rented,0
160,56,9927,708,3,employed,rented,1
161,44,6847,666,4,employed,mortgage,1
162,26,8832,570,3,employed,rented,1
163,32,801,678,4,employed,rented,1
164,32,7168,372,0,employed,owned,1
165,43,2749,547,0,self-employed,owned,1
166,59,7532,342,0,employed,rented,1
167,30,8633,676,1,employed,rented,1
168,68,1717,340,1,employed,owned,1
169,49,3974,469,4,unemployed,mortgage,0
170,56,7814,511,3,employed,rented,1
171,66,889,792,3,employed,owned,1
172,69,2509,338,0,employed,owned,1
173,49,3841,668,2,employed,owned,1
174,21,905,450,1,self-employed,mortgage,0
175,47,9878,410,1,self-employed,owned,1
176,54,9419,779,0,employed,rented,1
177,40,2695,735,1,employed,rented,1
178,56,6890,346,0,self-employed,owned,1
179,62,9308,665,4,employed,owned,1
180,32,6882,368,3,employed,owned,1
181,60,1434,598,2,self-employed,rented,0
182,46,2725,595,3,self-employed,owned,0
183,53,2856,502,3,employed,owned,1
184,30,7717,360,4,employed,mortgage,1
185,49,3944,613,1,employed,owned,1
186,24,1352,460,2,unemployed,rented,0
187,68,9707,630,1,employed,rented,1
188,39,6183,827,3,employed,rented,1
189,45,4711,637,0,employed,rented,1
190,19,4189,603,3,employed,owned,1
191,59,9242,802,1,employed,rented,1
192,62,3230,637,3,employed,rented,1
193,74,1258,849,0,employed,rented,1
194,70,1007,574,4,employed,owned,0
195,23,1699,463,1,self-employed,mortgage,0
196,45,821,742,3,employed,owned,1
197,45,9401,618,1,unemployed,rented,1
198,61,1694,803,4,self-employed,rented,0
199,61,1314,686,3,employed,owned,1
200,37,8094,793,3,employed,rented,1
201,47,5704,789,1,self-employed,rented,1
202,28,8667,372,1,employed,mortgage,1
203,72,4909,808,0,employed,mortgage,1
204,45,7979,689,4,employed,rented,1
205,42,2360,594,0,employed,rented,1
206,56,2066,668,3,self-employed,owned,0
207,50,4438,848,1,self-employed,rented,1
208,18,9741,486,3,unemployed,owned,0
209,74,4227,744,3,employed,rented,1
210,44,5580,662,2,employed,rented,1
211,74,2727,422,2,employed,rented,1
212,69,3156,487,3,employed,rented,1
213,30,5590,719,1,employed,mortgage,1
214,58,1106,551,3,employed,rented,0
215,20,8779,848,2,employed,mortgage,1
216,56,4465,634,1,employed,rented,1
217,23,7857,391,3,employed,rented,1
218,25,1461,829,4,employed,rented,1
219,44,5444,362,4,employed,owned,1
220,26,9303,811,3,employed,mortgage,1
221,54,3720,438,1,employed,rented,1
222,50,9746,484,3,unemployed,mortgage,0
223,68,7036,504,3,unemployed,rented,0
224,59,6878,513,2,self-employed,mortgage,0
225,61,1152,555,4,employed,rented,0
226,41,9894,434,2,employed,rented,1
227,32,7805,387,2,employed,owned,1
228,71,958,506,3,unemployed,rented,0
229,49,1756,428,2,employed,rented,0
230,49,2871,302,4,self-employed,owned,0
231,41,9395,420,2,employed,mortgage,1
232,58,4253,684,4,self-employed,rented,1
233,69,7475,337,2,self-employed,mortgage,0
234,66,1755,640,4,employed,mortgage,0
235,66,7095,320,2,employed,rented,1
236,69,2512,541,2,employed,mortgage,1
237,29,5503,754,1,employed,rented,1
238,56,7363,602,4,employed,mortgage,1
239,19,6431,368,4,employed,rented,1
240,20,2194,428,4,employed,rented,0
241,66,5532,495,0,employed,rented,1
242,54,4514,439,2,employed,rented,1
243,66,1329,743,4,employed,rented,1
244,73,3758,582,0,employed,rented,1
245,34,8704,611,1,employed,rented,1
246,66,4391,834,4,unemployed,mortgage,1
247,19,7695,576,4,employed,rented,1
248,19,9931,360,0,self-employed,rented,1
249,45,1325,618,2,employed,rented,0
250,71,7277,351,1,employed,rented,1
251,40,801,452,4,employed,mortgage,0
252,54,1174,610,2,employed,rented,0
253,49,5448,843,1,employed,owned,1
254,50,3165,688,3,employed,rented,1
255,18,2325,847,3,employed,rented,1
256,36,2446,476,1,employed,mortgage,1
257,19,813,661,0,employed,rented,1
258,70,5399,613,1,unemployed,mortgage,1
259,61,3078,396,1,employed,rented,1
260,43,3955,512,0,employed,mortgage,1
261,49,9121,436,0,self-employed,owned,1
262,23,4614,305,2,employed,mortgage,1
263,49,4016,408,2,unemployed,mortgage,0
264,72,9019,846,0,employed,mortgage,1
265,21,2913,338,3,employed,owned,1
266,72,5156,724,3,self-employed,owned,1
267,28,6343,560,1,employed,rented,1
268,73,5355,725,4,unemployed,owned,1
269,34,7862,386,1,employed,owned,1
270,55,4174,764,1,employed,owned,1
271,41,7230,375,4,self-employed,rented,0
272,22,4266,770,0,employed,rented,1
273,69,3881,713,3,self-employed,owned,1
274,51,1429,756,1,employed,owned,1
275,23,1069,584,4,employed,rented,0
276,39,6524,538,2,employed,rented,1
277,28,6697,671,1,self-employed,owned,1
278,65,4232,794,3,employed,rented,1
279,33,7076,344,0,employed,mortgage,1
280,50,6695,700,1,self-employed,mortgage,1
281,26,7915,546,1,unemployed,mortgage,1
282,23,7456,749,4,employed,mortgage,1
283,33,1375,784,2,employed,rented,1
284,46,7829,317,2,employed,rented,1
285,20,6899,588,0,employed,rented,1
286,37,3992,713,3,employed,rented,1
287,53,3978,534,0,employed,rented,1
288,36,6852,715,1,employed,rented,1
289,43,3534,798,1,unemployed,rented,1
290,20,6916,414,2,self-employed,owned,0
291,36,4368,533,3,employed,rented,1
292,37,3003,839,4,employed,owned,1
293,49,2190,310,3,employed,owned,0
294,24,2542,505,1,employed,owned,1
295,69,2725,546,4,unemployed,rented,0
296,58,1419,426,3,employed,owned,0
297,50,2074,446,3,employed,mortgage,0
298,57,1756,417,4,employed,rented,0
299,56,2739,681,1,employed,rented,1
300,35,4753,711,3,employed,rented,1
301,57,1768,662,4,employed,rented,1
302,18,1081,808,1,employed,rented,1
303,28,7062,436,4,employed,rented,1
304,45,1858,474,4,self-employed,rented,0
305,74,5093,588,3,unemployed,mortgage,0
306,42,5978,780,1,employed,mortgage,1
307,67,7780,318,3,employed,rented,1
308,40,2029,494,0,employed,owned,1
309,48,5385,629,0,employed,rented,1
310,47,9267,474,1,employed,rented,1
311,59,3540,748,4,employed,rented,1
312,52,3089,653,3,employed,mortgage,1
313,24,2039,798,3,employed,rented,1
314,33,6170,440,1,employed,mortgage,1
315,43,925,392,1,employed,owned,1
316,65,8273,538,0,unemployed,owned,1
317,74,6142,504,2,employed,owned,1
318,69,8151,732,1,employed,mortgage,1
319,66,7438,544,2,employed,mortgage,1
320,19,7370,616,1,self-employed,rented,1
321,18,4049,594,4,self-employed,rented,0
322,65,9910,581,4,unemployed,rented,0
323,29,8395,316,0,employed,mortgage,1
324,22,7094,370,0,employed,mortgage,1
325,54,7327,568,2,unemployed,rented,0
326,49,6557,624,1,employed,rented,1
327,72,2769,604,3,employed,owned,1
328,26,1691,750,0,self-employed,rented,1
329,58,5270,306,3,employed,rented,1
330,52,7975,613,3,employed,owned,1
331,36,9120,402,1,employed,mortgage,1
332,65,7612,492,2,employed,rented,1
333,33,8319,828,1,employed,mortgage,1
334,20,5412,470,0,employed,owned,1
335,37,1998,836,3,unemployed,rented,0
336,41,6038,550,1,employed,rented,1
337,71,6889,686,1,self-employed,owned,1
338,73,7057,506,1,employed,rented,1
339,50,8505,840,0,employed,owned,1
340,41,4519,715,2,unemployed,owned,1
341,69,1102,679,1,unemployed,owned,1
342,28,1786,443,0,employed,owned,1
343,66,5240,324,3,self-employed,rented,0
344,25,5709,372,4,unemployed,owned,0
345,53,3872,392,0,self-employed,rented,1
346,55,3924,804,4,employed,rented,1
347,57,8925,635,1,unemployed,rented,1
348,37,4091,724,1,self-employed,mortgage,1
349,52,4833,798,0,unemployed,rented,1
350,65,5905,663,4,employed,rented,1
351,42,1503,498,1,employed,owned,1
352,52,8933,712,3,employed,rented,1
353,42,1374,638,2,employed,mortgage,0
354,46,6504,728,2,self-employed,rented,1
355,35,8648,438,1,employed,owned,1
356,63,6008,841,4,employed,rented,1
357,35,7724,356,1,self-employed,rented,1
358,19,4628,531,4,employed,rented,1
359,71,4030,734,3,employed,rented,1
360,52,1288,683,4,employed,owned,1
361,33,7914,493,1,employed,mortgage,1
362,58,3973,833,3,employed,owned,1
363,53,2467,817,0,self-employed,owned,1
364,50,4914,484,2,employed,rented,1
365,21,4353,591,1,employed,owned,1
366,50,8561,634,1,employed,owned,1
367,31,1800,415,1,employed,owned,1
368,38,9842,348,3,employed,rented,1
369,65,2188,381,0,employed,mortgage,1
370,37,6250,632,4,employed,mortgage,1
371,73,4512,634,0,self-employed,rented,1
372,25,2167,831,3,employed,owned,1
373,24,8989,520,1,employed,rented,1
374,20,9813,622,2,self-employed,rented,0
375,34,1254,302,1,employed,rented,1
376,50,3572,505,4,employed,owned,1
377,65,4526,339,2,employed,owned,1
378,29,8032,358,1,employed,rented,1
379,68,5606,806,2,employed,rented,1
380,39,2990,421,0,employed,mortgage,1
381,72,9908,778,3,employed,rented,1
382,39,3675,395,1,employed,owned,1
383,63,6392,713,4,employed,rented,1
384,47,2240,534,0,employed,rented,1
385,55,9727,361,1,unemployed,owned,1
386,55,6859,555,0,self-employed,owned,1
387,62,7810,647,4,self-employed,owned,0
388,68,7917,423,1,employed,owned,1
389,71,9953,781,4,employed,rented,1
390,25,3789,616,2,employed,mortgage,1
391,44,7028,803,4,employed,rented,1
392,44,7271,347,2,employed,rented,1
393,51,3663,708,1,employed,rented,1
394,38,1977,435,2,employed,rented,0
395,47,5560,500,1,employed,owned,1
396,50,811,549,1,self-employed,rented,0
397,45,6052,613,3,employed,rented,1
398,64,5199,667,1,employed,owned,1
399,50,9034,728,2,employed,rented,1
400,22,9935,779,3,employed,rented,1
401,65,6245,613,3,employed,rented,1
402,36,7370,799,1,employed,owned,1
403,21,9996,654,4,employed,rented,1
404,52,9012,784,4,unemployed,rented,1
405,66,1206,510,3,self-employed,owned,0
406,34,5231,343,1,self-employed,owned,1
407,61,6043,840,4,self-employed,rented,1
408,45,7342,391,1,employed,owned,1
409,47,7736,564,1,employed,rented,1
410,46,9706,519,3,employed,rented,1
411,63,4946,741,3,employed,owned,1
412,70,940,700,0,employed,owned,1
413,23,5682,699,4,self-employed,rented,1
414,52,6812,789,4,employed,owned,1
415,58,1763,784,4,employed,owned,1
416,54,7951,769,2,employed,rented,1
417,41,9364,744,1,self-employed,rented,1
418,46,4410,568,3,employed,rented,1
419,66,7694,566,4,self-employed,owned,0
420,63,8111,353,0,self-employed,rented,1
421,70,905,827,4,self-employed,rented,0
422,48,6339,819,1,unemployed,mortgage,1
423,52,7587,358,1,unemployed,rented,1
424,50,2937,339,3,employed,owned,1
425,69,5245,536,2,employed,rented,1
426,38,4330,685,3,employed,rented,1
427,49,2086,599,4,employed,rented,0
428,40,7852,694,0,self-employed,mortgage,1
429,50,4454,506,3,employed,rented,1
430,20,7902,635,2,self-employed,owned,0
431,35,3159,813,3,employed,rented,1
432,42,8905,477,1,employed,owned,1
433,59,9436,695,4,self-employed,rented,1
434,48,7241,670,4,employed,rented,1
435,71,5847,617,4,employed,rented,1
436,20,9027,668,4,employed,owned,1
437,57,6003,683,4,employed,rented,1
438,63,2598,361,4,employed,rented,1
439,41,6091,804,0,employed,rented,1
440,67,6295,538,2,employed,owned,1
441,49,7084,494,4,unemployed,rented,0
442,64,8085,521,2,unemployed,owned,0
443,39,2100,360,4,employed,owned,0
444,40,7669,428,3,employed,owned,1
445,19,3897,455,4,self-employed,owned,0
446,44,5416,677,1,employed,rented,1
447,59,809,736,0,employed,mortgage,1
448,19,6552,506,3,employed,rented,1
449,43,7095,687,3,self-employed,owned,1
450,34,5615,779,1,employed,rented,1
451,57,1872,639,4,employed,rented,0
452,50,4025,639,0,employed,owned,1
453,26,2116,503,3,employed,mortgage,0
454,60,6499,460,0,employed,rented,1
455,71,7607,839,3,employed,mortgage,1
456,65,7474,691,4,unemployed,rented,1
457,56,4483,833,3,self-employed,rented,1
458,46,8027,369,3,employed,owned,1
459,59,4073,704,2,employed,rented,1
460,72,7800,816,4,employed,owned,1
461,43,945,419,1,self-employed,mortgage,0
462,52,5810,516,1,self-employed,rented,1
463,67,3840,355,4,employed,mortgage,1
464,42,1282,665,1,employed,rented,1
465,41,3979,803,4,unemployed,mortgage,1
466,30,2049,754,1,employed,owned,1
467,24,1430,403,2,employed,rented,0
468,74,9653,376,1,employed,rented,1
469,53,3652,529,3,employed,rented,1
470,62,1787,557,4,employed,rented,0
471,37,8422,563,0,unemployed,owned,1
472,18,8127,630,0,employed,owned,1
473,25,9641,481,4,employed,mortgage,1
474,63,9960,849,2,employed,rented,1
475,33,1900,326,1,employed,owned,1
476,31,7452,575,2,employed,rented,1
477,29,9432,598,0,employed,mortgage,1
478,68,8221,390,4,unemployed,owned,0
479,40,5816,779,4,employed,mortgage,1
480,32,1569,757,2,employed,mortgage,1
481,45,2143,750,2,employed,mortgage,1
482,51,5158,664,1,employed,mortgage,1
483,19,7580,650,3,self-employed,rented,0
484,49,7402,699,3,employed,rented,1
485,40,3149,552,1,self-employed,owned,1
486,39,6499,758,3,employed,owned,1
487,68,2041,798,0,self-employed,rented,1
488,42,1925,807,3,employed,rented,1
489,39,7564,603,1,employed,owned,1
490,39,5901,800,3,employed,rented,1
491,66,8643,465,4,employed,owned,1
492,69,872,714,2,self-employed,mortgage,0
493,59,6272,761,0,unemployed,owned,1
494,23,5989,413,4,employed,rented,1
495,32,3272,732,4,employed,rented,1
496,71,1507,655,1,employed,owned,1
497,60,2604,506,2,self-employed,mortgage,0
498,54,7504,534,2,employed,rented,1
499,50,4513,741,0,employed,rented,1
500,25,5851,654,1,employed,owned,1
501,70,3275,814,0,self-employed,rented,1
502,61,4410,507,3,employed,owned,1
503,61,5055,424,4,unemployed,rented,0
504,22,8197,437,0,unemployed,rented,1
505,56,2535,638,4,employed,mortgage,1
506,21,9058,836,1,employed,rented,1
507,23,8779,367,3,self-employed,owned,0
508,62,3228,840,1,employed,owned,1
509,49,8226,682,3,self-employed,rented,1
510,69,9333,318,3,employed,owned,1
511,47,6049,749,4,employed,owned,1
512,64,6091,373,1,self-employed,mortgage,1
513,52,3617,575,1,employed,owned,1
514,72,4674,347,0,employed,mortgage,1
515,57,5011,510,1,unemployed,owned,1
516,69,1461,839,0,employed,mortgage,1
517,33,4174,490,2,employed,rented,1
518,30,1007,614,2,employed,rented,0
519,67,3465,412,2,self-employed,owned,0
520,59,3293,469,1,self-employed,mortgage,1
521,47,7613,767,1,employed,mortgage,1
522,36,1432,313,0,self-employed,rented,0
523,34,3883,587,3,self-employed,rented,0
524,73,4519,488,0,employed,rented,1
525,36,7923,454,2,employed,owned,1
526,45,2479,770,0,employed,rented,1
527,72,1036,374,3,employed,mortgage,0
528,43,8246,576,1,unemployed,rented,1
529,54,5243,642,0,self-employed,owned,1
530,43,7570,724,2,employed,rented,1
531,70,6899,810,2,employed,rented,1
532,40,9355,481,1,employed,owned,1
533,26,3168,757,0,employed,owned,1
534,29,1085,363,3,employed,owned,0
535,70,948,559,1,employed,rented,1
536,18,4837,492,0,employed,owned,1
537,18,7349,705,4,employed,rented,1
538,64,7921,392,2,unemployed,rented,0
539,51,5695,729,3,employed,rented,1
540,49,6080,733,3,employed,mortgage,1
541,71,1812,703,3,employed,owned,1
542,65,3585,733,2,employed,rented,1
543,42,4525,411,0,employed,mortgage,1
544,57,5376,674,1,employed,owned,1
545,62,6582,358,0,self-employed,owned,1
546,70,7057,342,1,employed,mortgage,1
547,18,3208,506,3,unemployed,mortgage,0
548,33,1140,595,0,self-employed,rented,0
549,56,3617,417,3,unemployed,owned,0
550,22,3296,831,4,employed,rented,1
551,39,6762,521,3,self-employed,owned,0
552,46,6099,465,3,employed,rented,1
553,72,8374,455,1,employed,rented,1
554,20,2489,483,4,self-employed,mortgage,0
555,29,4067,389,3,employed,owned,1
556,43,5206,393,3,employed,rented,1
557,33,9253,312,4,employed,owned,1
558,68,2242,737,4,employed,rented,1
559,54,9397,837,0,employed,rented,1
560,39,5237,449,1,employed,owned,1
561,74,6235,307,4,self-employed,rented,0
562,46,9235,328,4,self-employed,rented,0
563,31,4907,595,2,self-employed,mortgage,0
564,45,1360,639,4,employed,rented,0
565,22,9585,738,1,employed,mortgage,1
566,64,6348,443,3,self-employed,rented,0
567,66,2626,818,3,self-employed,owned,1
568,47,8429,344,3,employed,rented,1
569,63,9125,538,3,employed,rented,1
570,69,3938,454,2,employed,rented,1
571,22,8493,480,4,employed,rented,1
572,29,9064,514,3,employed,rented,1
573,33,8642,387,0,self-employed,owned,1
574,43,7521,555,3,employed,owned,1
575,43,7802,810,4,employed,rented,1
576,65,5025,372,3,employed,rented,1
577,38,3778,478,2,employed,rented,1
578,56,8173,511,1,employed,rented,1
579,53,6707,533,1,employed,owned,1
580,50,6897,764,4,employed,rented,1
581,47,6456,522,1,unemployed,rented,1
582,54,9784,563,1,employed,rented,1
583,40,5059,506,0,employed,rented,1
584,27,9086,665,4,employed,rented,1
585,71,6701,575,4,self-employed,rented,0
586,22,5717,679,1,employed,mortgage,1
587,53,9229,608,1,self-employed,rented,1
588,51,3330,567,1,employed,rented,1
589,69,2760,363,2,self-employed,rented,0
590,48,7845,649,3,self-employed,rented,0
591,27,1848,793,2,employed,rented,1
592,36,6572,822,4,employed,rented,1
593,49,3329,397,0,employed,rented,1
594,18,3764,370,3,self-employed,owned,0
595,73,7937,663,0,employed,mortgage,1
596,22,1763,575,4,employed,rented,0
597,62,1336,349,4,unemployed,rented,0
598,21,8140,657,0,self-employed,rented,1
599,33,7979,784,0,employed,owned,1
600,41,8767,383,0,employed,owned,1
601,33,9534,595,4,employed,owned,1
602,72,1645,535,1,employed,rented,1
603,19,6577,355,0,employed,mortgage,1
604,66,3836,659,3,employed,rented,1
605,45,6747,409,4,employed,rented,1
606,49,3294,491,2,self-employed,rented,0
607,44,3519,392,2,employed,owned,1
608,37,2684,359,3,employed,owned,1
609,41,5149,338,1,employed,rented,1
610,29,5979,839,0,employed,mortgage,1
611,67,7410,348,4,employed,rented,1
612,52,7230,719,0,employed,rented,1
613,50,7954,312,4,unemployed,mortgage,0
614,50,7288,335,2,employed,owned,1
615,68,5537,400,0,employed,rented,1
616,60,7325,385,3,self-employed,rented,0
617,54,4650,815,1,employed,rented,1
618,29,1489,522,3,self-employed,owned,0
619,20,5975,637,1,employed,rented,1
620,18,9448,465,0,unemployed,rented,1
621,50,5878,682,0,employed,owned,1
622,57,6248,675,1,self-employed,rented,1
623,27,1979,770,2,unemployed,owned,0
624,60,9874,330,4,employed,mortgage,1
625,61,7206,674,3,employed,rented,1
626,46,9391,310,3,unemployed,mortgage,0
627,30,7707,601,3,employed,rented,1
628,29,9600,395,0,employed,owned,1
629,48,2438,489,3,employed,owned,0
630,63,6471,752,4,self-employed,owned,1
631,19,7728,491,4,employed,owned,1
632,68,2182,785,1,employed,rented,1
633,67,2203,565,0,employed,owned,1
634,52,9811,723,4,self-employed,rented,1
635,40,4092,427,2,self-employed,rented,0
636,34,9811,537,0,self-employed,rented,1
637,43,1219,654,0,employed,rented,1
638,25,5317,411,4,self-employed,rented,0
639,46,4102,745,2,employed,mortgage,1
640,43,8657,642,1,employed,owned,1
641,27,8670,444,4,employed,rented,1
642,43,6493,364,2,employed,rented,1
643,51,1567,546,0,self-employed,rented,0
644,68,2844,789,2,employed,rented,1
645,58,2349,738,0,employed,rented,1
646,24,6940,405,4,unemployed,rented,0
647,21,4516,480,4,unemployed,rented,0
648,70,5281,483,3,employed,mortgage,1
649,67,8698,525,3,employed,mortgage,1
650,62,7348,388,3,self-employed,rented,0
651,28,3093,829,4,employed,owned,1
652,46,5637,670,1,employed,mortgage,1
653,73,8558,698,4,employed,mortgage,1
654,53,7593,405,2,employed,owned,1
655,42,8438,570,4,self-employed,rented,0
656,38,8793,802,4,employed,mortgage,1
657,74,6807,824,0,employed,rented,1
658,53,6342,331,0,employed,owned,1
659,27,9892,692,0,employed,rented,1
660,54,7156,339,4,employed,mortgage,1
661,26,9233,517,1,employed,mortgage,1
662,41,8180,381,2,employed,rented,1
663,52,3185,500,2,employed,rented,1
664,66,5068,746,1,employed,owned,1
665,52,1471,727,1,employed,mortgage,1
666,65,963,337,2,employed,owned,0
667,53,9456,510,3,employed,mortgage,1
668,35,5392,743,0,self-employed,rented,1
669,66,5595,626,0,employed,mortgage,1
670,56,5598,526,2,employed,owned,1
671,49,6836,347,1,employed,rented,1
672,41,3155,317,3,self-employed,owned,0
673,40,6687,738,2,employed,rented,1
674,49,8761,486,0,self-employed,mortgage,1
675,54,6627,644,4,employed,rented,1
676,29,9537,523,1,self-employed,rented,1
677,66,5519,787,4,self-employed,owned,1
678,72,1393,528,2,employed,mortgage,0
679,30,5639,689,0,employed,rented,1
680,40,8194,487,3,employed,rented,1
681,42,4293,569,4,employed,rented,1
682,52,6964,609,3,employed,rented,1
683,58,3472,431,0,employed,rented,1
684,47,5000,371,4,employed,rented,1
685,34,816,486,3,employed,rented,0
686,66,3991,785,3,employed,mortgage,1
687,37,1192,490,4,employed,mortgage,0
688,65,9416,721,0,employed,owned,1
689,42,7072,419,3,self-employed,rented,0
690,39,1371,519,2,employed,owned,0
691,30,4431,352,4,unemployed,owned,0
692,36,6972,750,1,employed,rented,1
693,66,7977,711,1,employed,mortgage,1
694,53,9233,536,0,employed,owned,1
695,29,4697,705,2,employed,rented,1
696,58,8923,721,3,self-employed,mortgage,1
697,36,3079,546,1,employed,mortgage,1
698,29,9780,371,0,employed,rented,1
699,26,8251,484,2,self-employed,rented,0
700,24,9706,305,2,employed,rented,1
701,45,1575,505,0,self-employed,owned,0
702,31,7669,843,0,self-employed,owned,1
703,48,3047,686,3,employed,owned,1
704,69,7888,375,0,employed,rented,1
705,36,878,476,3,employed,mortgage,0
706,64,8880,648,3,employed,rented,1
707,33,7899,554,4,employed,rented,1
708,70,4726,607,2,self-employed,rented,0
709,22,9847,644,2,unemployed,owned,0
710,52,8140,426,2,employed,rented,1
711,29,7883,586,4,employed,mortgage,1
712,42,7030,786,3,employed,owned,1
713,69,5740,682,3,employed,owned,1
714,38,4071,705,0,unemployed,rented,1
715,53,4256,687,4,employed,rented,1
716,70,8588,824,0,employed,rented,1
717,40,9399,575,4,employed,rented,1
718,33,8450,799,0,unemployed,rented,1
719,74,3511,636,1,employed,owned,1
720,56,2468,780,2,unemployed,rented,0
721,62,947,572,2,employed,rented,0
722,70,7220,357,3,unemployed,mortgage,0
723,59,1165,627,1,employed,mortgage,1
724,56,5331,408,2,employed,mortgage,1
725,31,6130,578,3,unemployed,rented,0
726,48,6310,627,1,employed,rented,1
727,22,9554,614,2,employed,rented,1
728,52,9764,773,0,employed,mortgage,1
729,40,7293,410,4,unemployed,owned,0
730,46,6239,528,1,self-employed,rented,1
731,60,7311,796,3,employed,rented,1
732,28,8304,455,1,employed,rented,1
733,35,2046,772,3,unemployed,owned,0
734,64,4639,571,1,employed,rented,1
735,29,9351,301,3,self-employed,rented,0
736,26,3176,810,2,employed,rented,1
737,27,3809,585,0,self-employed,rented,1
738,61,9954,312,2,unemployed,rented,0
739,34,2627,797,0,unemployed,mortgage,1
740,55,7779,537,2,employed,rented,1
741,24,9369,393,2,employed,rented,1
742,63,5085,637,1,employed,owned,1
743,30,7710,470,4,employed,owned,1
744,57,9361,766,3,employed,rented,1
745,59,2996,442,3,employed,rented,1
746,26,4547,500,3,self-employed,rented,0
747,67,9643,479,0,employed,owned,1
748,44,6778,663,3,employed,mortgage,1
749,19,6407,778,3,employed,rented,1
750,22,1569,770,1,employed,owned,1
751,46,1580,683,2,employed,rented,1
752,54,7103,716,3,employed,mortgage,1
753,55,4783,607,4,self-employed,rented,0
754,36,9514,666,3,employed,rented,1
755,25,1321,300,0,employed,rented,1
756,65,9927,343,0,employed,owned,1
757,62,8369,397,0,unemployed,rented,1
758,18,6584,564,3,employed,owned,1
759,39,5383,439,1,unemployed,rented,1
760,69,6746,780,4,employed,owned,1
761,34,5741,536,3,self-employed,mortgage,0
762,24,7067,371,1,employed,rented,1
763,42,7928,489,1,employed,owned,1
764,62,3261,567,3,employed,rented,1
765,21,1485,620,3,employed,owned,0
766,53,2960,406,1,employed,rented,1
767,23,7831,531,1,unemployed,rented,1
768,48,6141,341,1,employed,owned,1
769,36,838,438,3,self-employed,owned,0
770,61,5675,572,1,self-employed,rented,1
771,71,2056,780,0,employed,owned,1
772,56,8497,715,3,self-employed,rented,1
773,44,2996,805,0,employed,rented,1
774,27,7965,723,2,employed,rented,1
775,43,1101,706,3,self-employed,rented,0
776,36,8327,689,2,employed,rented,1
777,56,7181,641,1,employed,mortgage,1
778,20,1446,792,1,employed,owned,1
779,62,9589,491,4,employed,owned,1
780,30,9653,798,1,self-employed,owned,1
781,67,5130,532,2,employed,owned,1
782,45,7803,526,1,employed,owned,1
783,37,4337,670,3,employed,rented,1
784,45,5358,438,1,employed,rented,1
785,25,7379,448,4,employed,mortgage,1
786,58,9274,414,1,employed,owned,1
787,56,4882,749,2,employed,rented,1
788,18,4983,362,2,employed,mortgage,1
789,20,9452,403,1,self-employed,mortgage,1
790,30,4554,572,2,employed,rented,1
791,45,2524,305,2,unemployed,rented,0
792,74,2176,446,4,unemployed,mortgage,0
793,66,9506,483,3,self-employed,rented,0
794,42,9694,327,4,self-employed,owned,0
795,73,2453,849,0,employed,mortgage,1
796,50,2866,418,4,employed,rented,1
797,55,822,592,1,employed,owned,1
798,70,3260,670,3,employed,rented,1
799,23,6726,543,1,unemployed,rented,1
800,61,7051,517,0,employed,mortgage,1
801,62,8095,476,3,self-employed,owned,0
802,49,4100,598,2,employed,mortgage,1
803,62,7079,357,4,self-employed,rented,0
804,64,9353,568,1,employed,rented,1
805,38,8153,607,0,employed,owned,1
806,33,4527,587,2,employed,rented,1
807,71,7072,404,4,unemployed,mortgage,0
808,38,6795,527,2,employed,rented,1
809,28,1314,546,4,self-employed,owned,0
810,54,1248,793,3,self-employed,rented,0
811,53,6819,382,2,self-employed,rented,0
812,52,6143,485,2,employed,owned,1
813,36,8833,551,2,self-employed,rented,0
814,37,3320,654,3,unemployed,rented,1
815,74,3881,509,0,employed,rented,1
816,35,2228,746,4,employed,rented,1
817,64,4767,759,2,employed,owned,1
818,58,7245,771,3,employed,rented,1
819,66,9914,669,0,employed,rented,1
820,31,2959,791,4,self-employed,rented,1
821,32,5932,436,3,employed,rented,1
822,48,3347,666,4,employed,owned,1
823,18,3779,483,2,self-employed,mortgage,0
824,70,3449,586,0,employed,rented,1
825,71,9305,771,3,self-employed,rented,1
826,71,3883,674,0,employed,rented,1
827,20,1837,836,2,employed,rented,1
828,33,4289,810,0,employed,owned,1
829,40,8404,549,0,employed,owned,1
830,74,8344,809,1,employed,owned,1
831,28,3434,372,0,unemployed,rented,1
832,29,4783,581,4,employed,owned,1
833,27,2578,659,3,self-employed,owned,1
834,49,8702,309,1,employed,rented,1
835,33,5910,510,3,employed,owned,1
836,25,5989,451,3,employed,rented,1
837,55,8178,304,2,employed,rented,1
838,29,1924,494,2,unemployed,owned,0
839,41,1497,582,1,self-employed,rented,0
840,45,2979,763,2,unemployed,owned,1
841,70,6051,412,2,employed,mortgage,1
842,25,2729,570,2,employed,rented,1
843,45,1813,462,3,employed,owned,0
844,53,1026,759,1,self-employed,owned,1
845,43,8121,404,3,employed,rented,1
846,25,2628,581,4,employed,owned,1
847,67,8709,461,3,employed,owned,1
848,45,6388,650,4,employed,rented,1
849,45,2823,733,0,employed,mortgage,1
850,54,5766,439,0,employed,rented,1
851,58,6691,770,4,self-employed,rented,1
852,53,1880,431,4,self-employed,mortgage,0
853,44,5836,386,3,employed,owned,1
854,71,3363,482,4,employed,mortgage,1
855,34,4092,667,1,employed,rented,1
856,26,4386,428,0,self-employed,rented,1
857,50,5231,545,0,self-employed,mortgage,1
858,70,7641,677,4,self-employed,owned,1
859,37,7443,448,2,unemployed,owned,0
860,30,4759,732,2,employed,rented,1
861,45,961,768,4,self-employed,rented,0
862,65,1393,745,1,employed,rented,1
863,46,4190,780,2,employed,owned,1
864,30,6797,593,4,unemployed,rented,0
865,63,7154,442,1,employed,rented,1
866,52,1463,549,1,employed,rented,1
867,23,1341,601,3,employed,mortgage,0
868,35,6233,324,1,employed,rented,1
869,68,5893,369,2,self-employed,owned,0
870,22,1667,411,2,employed,rented,0
871,64,9423,663,4,employed,rented,1
872,42,6269,602,4,employed,owned,1
873,19,7056,770,1,employed,owned,1
874,27,1969,390,0,employed,mortgage,1
875,73,1630,829,3,employed,mortgage,1
876,47,2451,491,0,employed,rented,1
877,67,1936,541,1,unemployed,owned,0
878,62,3610,437,1,self-employed,mortgage,1
879,22,9467,644,0,employed,mortgage,1
880,72,1819,479,3,employed,rented,0
881,73,6037,802,0,employed,mortgage,1
882,50,2083,502,4,self-employed,mortgage,0
883,71,1459,491,2,employed,mortgage,0
884,18,2810,304,4,self-employed,mortgage,0
885,35,9390,536,2,self-employed,rented,0
886,49,2533,610,1,self-employed,rented,1
887,64,2925,848,3,self-employed,rented,1
888,66,2971,355,0,employed,rented,1
889,28,9066,742,3,employed,rented,1
890,38,4271,536,0,self-employed,mortgage,1
891,43,9828,496,4,employed,rented,1
892,42,6424,813,4,employed,rented,1
893,39,9491,748,0,employed,rented,1
894,44,9129,659,3,employed,rented,1
895,66,2897,329,0,self-employed,rented,1
896,30,5868,407,1,employed,owned,1
897,50,7197,744,4,employed,rented,1
898,51,3557,737,1,self-employed,owned,1
899,58,4720,756,4,self-employed,owned,1
900,52,8986,794,4,employed,rented,1
901,18,2700,546,2,employed,owned,1
902,38,3410,842,1,employed,rented,1
903,65,7700,738,1,employed,owned,1
904,72,2249,577,2,employed,owned,0
905,23,9538,410,3,employed,rented,1
906,45,5817,684,1,unemployed,rented,1
907,34,8799,490,0,employed,mortgage,1
908,22,6852,789,2,employed,rented,1
909,48,2896,725,1,employed,owned,1
910,22,9695,704,3,employed,rented,1
911,55,7204,634,1,unemployed,rented,1
912,20,4131,508,4,employed,rented,1
913,70,8262,321,0,employed,mortgage,1
914,40,5905,507,2,employed,rented,1
915,54,3778,307,4,self-employed,rented,0
916,70,3639,828,3,employed,rented,1
917,54,4184,465,4,employed,mortgage,1
918,27,1485,795,4,employed,rented,1
919,27,8331,728,3,self-employed,owned,1
920,36,5083,462,4,employed,rented,1
921,34,8536,665,2,employed,rented,1
922,38,8510,825,1,employed,mortgage,1
923,31,2419,538,4,employed,rented,0
924,26,7668,371,2,self-employed,owned,0
925,63,2231,744,1,unemployed,mortgage,1
926,18,9867,808,1,employed,mortgage,1
927,68,5513,568,4,employed,owned,1
928,62,5798,714,2,employed,mortgage,1
929,30,962,544,4,employed,rented,0
930,21,2774,359,3,employed,rented,1
931,18,4091,305,1,employed,mortgage,1
932,66,9261,706,4,employed,rented,1
933,57,1431,516,1,employed,owned,1
934,49,1705,325,2,self-employed,rented,0
935,51,2814,304,0,unemployed,rented,1
936,45,8696,831,4,self-employed,owned,1
937,48,1004,689,4,employed,rented,1
938,25,1381,747,1,self-employed,rented,1
939,56,6475,445,2,employed,rented,1
940,43,9832,687,3,employed,rented,1
941,51,6147,548,2,self-employed,mortgage,0
942,71,3443,825,4,employed,rented,1
943,71,8817,761,3,employed,rented,1
944,20,3097,312,2,employed,owned,1
945,67,1674,683,0,employed,rented,1
946,29,6360,698,1,employed,mortgage,1
947,18,1489,318,2,employed,rented,0
948,71,4800,790,2,unemployed,rented,1
949,61,1471,718,0,employed,rented,1
950,22,8727,636,4,employed,rented,1
951,47,1971,718,1,employed,owned,1
952,47,6391,421,2,employed,mortgage,1
953,74,9935,731,3,self-employed,owned,1
954,34,7142,343,2,employed,rented,1
955,65,2249,616,1,employed,rented,1
956,64,3339,680,2,employed,rented,1
957,40,4759,444,0,unemployed,owned,1
958,32,7085,626,2,unemployed,rented,0
959,54,6232,662,2,employed,owned,1
960,38,5060,349,3,employed,owned,1
961,31,3161,364,0,employed,rented,1
962,19,6964,654,0,employed,rented,1
963,28,4470,463,2,employed,owned,1
964,68,2553,440,3,unemployed,owned,0
965,56,8900,427,2,employed,mortgage,1
966,55,2738,697,2,self-employed,mortgage,1
967,51,9362,762,1,employed,owned,1
968,55,6776,486,1,employed,rented,1
969,67,7388,489,3,employed,rented,1
970,51,9416,687,4,employed,rented,1
971,35,7104,728,1,employed,mortgage,1
972,47,8145,583,4,employed,owned,1
973,32,8675,536,0,employed,rented,1
974,44,9886,493,1,employed,rented,1
975,68,7433,586,1,employed,rented,1
976,51,1397,435,3,employed,rented,0
977,69,3862,470,4,employed,mortgage,1
978,74,3136,458,1,employed,owned,1
979,55,1372,500,1,employed,owned,1
980,50,8321,786,3,employed,owned,1
981,41,6971,803,3,unemployed,mortgage,1
982,32,7897,670,4,self-employed,rented,1
983,47,2890,402,0,employed,rented,1
984,72,7366,424,0,employed,owned,1
985,59,5424,612,2,employed,mortgage,1
986,68,2433,757,1,self-employed,mortgage,1
987,34,2317,529,4,employed,rented,0
988,22,4448,496,1,employed,rented,1
989,46,2337,722,4,unemployed,owned,0
990,21,3937,470,4,employed,rented,1
991,27,7785,681,4,employed,rented,1
992,73,897,472,1,employed,owned,1
993,34,4550,752,3,employed,rented,1
994,27,9335,649,1,unemployed,owned,1
995,34,8974,793,4,self-employed,rented,1
996,37,8903,303,2,employed,rented,1
997,41,6213,392,0,employed,owned,1
998,22,5466,305,4,employed,rented,1
999,51,1410,587,2,employed,rented,0
1000,23,2527,445,3,employed,owned,1
1001,70,2654,723,4,employed,mortgage,1
1002,19,5855,756,2,employed,owned,1
1003,30,3124,501,4,employed,rented,1
1004,60,6574,511,1,employed,owned,1
1005,60,7319,305,2,employed,owned,1
1006,65,2549,675,1,employed,owned,1
1007,28,1581,746,1,employed,owned,1
1008,68,8348,405,2,employed,rented,1
1009,64,7623,700,0,employed,owned,1
1010,74,2905,395,2,employed,rented,1
1011,40,4667,687,0,employed,owned,1
1012,72,7993,751,4,employed,owned,1
1013,33,5776,715,4,employed,rented,1
1014,48,2913,803,2,employed,mortgage,1
1015,28,6679,753,4,self-employed,rented,1
1016,71,4770,590,3,employed,rented,1
1017,33,8064,833,1,employed,owned,1
1018,25,2377,492,1,employed,mortgage,1
1019,21,3074,449,0,employed,owned,1
1020,57,5669,814,4,employed,owned,1
1021,21,7544,692,0,employed,rented,1
1022,73,3226,615,1,employed,rented,1
1023,42,6346,375,1,employed,mortgage,1
1024,20,7652,569,4,employed,owned,1
1025,49,3351,524,3,employed,mortgage,1
1026,20,7211,829,3,unemployed,rented,1
1027,44,807,412,4,employed,rented,0
1028,46,8887,550,4,self-employed,owned,0
1029,49,3355,532,0,unemployed,owned,1
1030,67,1275,382,4,employed,mortgage,0
1031,68,6216,424,3,employed,rented,1
1032,36,9476,474,4,employed,rented,1
1033,38,8039,368,0,self-employed,mortgage,1
1034,22,7510,346,0,self-employed,owned,1
1035,35,5800,555,0,employed,rented,1
1036,45,5454,329,0,self-employed,rented,1
1037,59,8878,580,2,employed,owned,1
1038,39,6863,536,4,employed,owned,1
1039,38,3085,547,1,self-employed,rented,1
1040,23,6023,667,4,unemployed,rented,1
1041,18,7771,794,2,employed,rented,1
1042,22,4325,324,0,unemployed,owned,1
1043,58,3622,789,2,self-employed,mortgage,1
1044,29,5743,793,3,unemployed,owned,1
1045,43,7330,613,3,self-employed,rented,0
1046,63,1058,674,4,unemployed,rented,0
1047,51,1082,324,4,employed,owned,0
1048,66,2698,633,1,self-employed,owned,1
1049,31,4935,654,1,employed,rented,1
1050,43,7429,415,3,self-employed,mortgage,0
1051,62,4000,347,0,employed,owned,1
1052,44,5910,398,2,employed,rented,1
1053,26,7967,758,1,employed,rented,1
1054,43,1412,822,1,employed,owned,1
1055,74,1487,704,0,employed,rented,1
1056,64,4490,513,0,self-employed,mortgage,1
1057,74,9604,802,4,self-employed,rented,1
1058,39,3107,747,2,employed,mortgage,1
1059,64,7933,557,0,self-employed,owned,1
1060,73,7309,420,1,self-employed,rented,1
1061,47,6706,353,1,employed,rented,1
1062,60,3391,630,3,employed,rented,1
1063,65,7983,540,0,self-employed,rented,1
1064,34,6048,829,4,employed,owned,1
1065,43,9566,782,2,self-employed,rented,1
1066,53,5908,486,4,self-employed,rented,0
1067,18,4404,561,1,self-employed,owned,1
1068,25,1469,663,4,employed,mortgage,1
1069,66,5164,790,1,employed,rented,1
1070,52,8129,730,1,employed,rented,1
1071,69,2083,538,1,employed,owned,1
1072,32,1723,603,1,employed,owned,1
1073,64,1925,597,1,employed,rented,1
1074,73,2329,375,3,employed,rented,0
1075,39,9238,632,4,self-employed,rented,0
1076,31,4511,773,3,employed,rented,1
1077,43,8804,582,3,employed,owned,1
1078,45,7074,371,0,employed,rented,1
1079,40,4664,562,0,employed,rented,1
1080,31,8633,311,0,employed,rented,1
1081,41,7588,440,2,unemployed,owned,0
1082,19,1026,316,0,employed,owned,1
1083,62,1064,362,4,unemployed,rented,0
1084,43,1445,552,3,employed,owned,0
1085,31,8344,764,4,self-employed,owned,1
1086,73,6369,675,0,self-employed,owned,1
1087,68,3790,819,2,self-employed,rented,1
1088,24,3304,389,2,self-employed,rented,0
1089,20,1387,474,3,self-employed,rented,0
1090,64,9977,375,4,self-employed,owned,0
1091,40,4879,699,1,employed,rented,1
1092,63,4148,370,4,employed,owned,1
1093,60,7099,479,0,employed,mortgage,1
1094,64,4631,423,1,employed,rented,1
1095,62,9181,680,2,employed,rented,1
1096,35,9972,592,3,employed,owned,1
1097,55,2515,494,3,self-employed,owned,0
1098,52,7250,527,2,self-employed,rented,0
1099,68,6233,730,0,employed,rented,1
1100,32,1898,735,2,employed,owned,1
1101,42,7896,760,0,self-employed,mortgage,1
1102,72,3126,320,1,employed,mortgage,1
1103,54,9887,363,2,unemployed,rented,0
1104,45,7216,464,0,employed,mortgage,1
1105,27,7780,326,1,employed,owned,1
1106,56,7563,610,2,employed,owned,1
1107,74,2474,584,3,self-employed,owned,0
1108,34,8750,580,2,employed,rented,1
1109,56,9922,463,4,employed,owned,1
1110,39,9715,523,2,employed,mortgage,1
1111,43,6849,445,4,employed,owned,1
1112,61,1889,329,1,self-employed,rented,0
1113,42,5378,344,2,unemployed,mortgage,0
1114,34,9927,770,1,employed,owned,1
1115,30,955,333,1,employed,owned,1
1116,37,2758,726,0,employed,rented,1
1117,42,7144,520,1,unemployed,owned,1
1118,21,6579,833,1,unemployed,owned,1
1119,27,6944,666,2,employed,owned,1
1120,20,5863,849,2,unemployed,rented,1
1121,58,4630,415,3,employed,mortgage,1
1122,62,9846,538,0,self-employed,mortgage,1
1123,35,9631,634,1,self-employed,owned,1
1124,64,7459,740,0,unemployed,rented,1
1125,53,1241,447,4,unemployed,rented,0
1126,64,6840,308,1,employed,mortgage,1
1127,39,6725,587,0,self-employed,owned,1
1128,51,8158,687,3,employed,rented,1
1129,64,5428,349,3,employed,rented,1
1130,25,7170,816,1,employed,mortgage,1
1131,57,1748,577,4,self-employed,owned,0
1132,66,8979,599,3,employed,owned,1
1133,61,6915,434,3,employed,owned,1
1134,36,1259,446,4,employed,owned,0
1135,59,8368,789,0,employed,rented,1
1136,58,5446,777,3,employed,rented,1
1137,54,1192,458,2,self-employed,rented,0
1138,23,2587,683,3,self-employed,owned,1
1139,69,8174,462,0,employed,owned,1
1140,43,1938,740,0,self-employed,owned,1
1141,51,5541,488,1,unemployed,owned,1
1142,73,8218,714,2,employed,rented,1
1143,62,7162,638,0,unemployed,owned,1
1144,23,3254,480,4,self-employed,owned,0
1145,54,4474,587,2,employed,rented,1
1146,74,2177,486,2,employed,rented,0
1147,50,7501,437,4,self-employed,rented,0
1148,70,3397,429,3,employed,mortgage,1
1149,39,941,493,4,employed,owned,0
1150,38,3459,615,4,employed,rented,1
1151,23,5396,443,3,employed,rented,1
1152,23,9831,315,3,self-employed,rented,0
1153,72,6461,601,3,employed,mortgage,1
1154,65,6942,722,3,employed,owned,1
1155,21,6426,544,3,employed,rented,1
1156,47,9587,406,4,employed,owned,1
1157,28,9272,387,1,employed,rented,1
1158,47,1223,428,1,employed,rented,1
1159,48,7799,640,0,self-employed,mortgage,1
1160,41,5049,303,1,employed,mortgage,1
1161,72,2550,626,1,employed,rented,1
1162,26,5557,709,4,employed,owned,1
1163,72,2767,605,3,employed,rented,1
1164,20,4888,524,3,employed,rented,1
1165,68,4978,647,4,employed,owned,1
1166,48,8589,620,1,self-employed,rented,1
1167,57,3746,480,4,employed,mortgage,1
1168,54,6194,685,0,unemployed,rented,1
1169,53,8680,407,3,employed,rented,1
1170,41,5875,830,2,self-employed,mortgage,1
1171,48,8030,709,0,employed,owned,1
1172,23,2331,595,0,unemployed,owned,0
1173,19,3790,470,4,employed,rented,1
1174,37,7955,630,1,employed,rented,1
1175,45,5293,792,3,employed,rented,1
1176,28,1733,494,2,self-employed,owned,0
1177,21,2260,311,0,employed,owned,1
1178,32,3523,494,2,employed,owned,1
1179,23,1085,789,1,unemployed,mortgage,1
1180,71,1064,481,1,employed,rented,1
1181,66,7616,615,2,unemployed,rented,0
1182,47,2562,329,3,employed,owned,1
1183,73,840,395,1,unemployed,owned,0
1184,55,6627,680,2,employed,rented,1
1185,68,9059,743,0,employed,owned,1
1186,74,1787,597,2,employed,rented,0
1187,19,8604,660,2,self-employed,rented,1
1188,32,8589,673,4,employed,rented,1
1189,28,6517,602,1,employed,rented,1
1190,25,3998,720,3,self-employed,rented,1
1191,43,6174,545,3,employed,owned,1
1192,68,5590,536,4,self-employed,rented,0
1193,62,7983,833,3,self-employed,rented,1
1194,61,3324,484,2,self-employed,owned,0
1195,22,3279,767,4,self-employed,mortgage,1
1196,23,5954,662,0,employed,owned,1
1197,43,1578,582,1,employed,owned,1
1198,71,2292,635,1,unemployed,owned,0
1199,21,1460,461,1,employed,mortgage,1
1200,36,2148,459,2,employed,rented,0
1201,37,8651,773,0,unemployed,rented,1
1202,50,7956,621,4,employed,owned,1
1203,37,2844,311,4,self-employed,rented,0
1204,66,8168,723,1,self-employed,rented,1
1205,29,4316,372,0,self-employed,mortgage,1
1206,64,9968,500,0,unemployed,owned,1
1207,18,5377,821,0,self-employed,owned,1
1208,43,1527,804,3,self-employed,owned,0
1209,31,8268,338,3,employed,mortgage,1
1210,55,1142,359,1,employed,rented,1
1211,54,2247,620,0,self-employed,rented,0
1212,28,7381,734,0,self-employed,rented,1
1213,53,7117,707,4,employed,mortgage,1
1214,30,1326,685,4,employed,mortgage,1
1215,60,7548,377,1,employed,rented,1
1216,20,1205,493,0,employed,owned,1
1217,50,8786,584,1,self-employed,owned,1
1218,23,4540,826,4,self-employed,mortgage,1
1219,67,2646,823,4,employed,rented,1
1220,73,2278,455,3,employed,owned,0
1221,27,1571,639,1,employed,rented,1
1222,22,6325,424,1,unemployed,mortgage,1
1223,40,9570,579,0,employed,rented,1
1224,27,993,427,0,employed,rented,1
1225,61,2807,613,3,employed,mortgage,1
1226,19,1985,631,2,employed,rented,0
1227,30,3194,449,2,employed,owned,1
1228,57,4805,753,2,employed,mortgage,1
1229,19,8229,335,1,employed,mortgage,1
1230,37,3061,719,1,employed,mortgage,1
1231,18,4536,321,4,employed,rented,1
1232,54,7516,505,1,self-employed,owned,1
1233,26,5675,655,1,self-employed,mortgage,1
1234,34,9721,739,1,self-employed,owned,1
1235,26,5178,395,3,self-employed,mortgage,0
1236,28,8615,463,1,employed,mortgage,1
1237,32,4251,447,0,employed,rented,1
1238,41,8416,829,0,employed,mortgage,1
1239,55,3600,593,4,self-employed,rented,0
1240,72,9133,494,3,self-employed,owned,0
1241,52,6210,779,0,employed,rented,1
1242,47,2255,422,3,employed,owned,0
1243,48,7692,699,3,employed,rented,1
1244,66,6608,751,4,unemployed,owned,1
1245,22,7596,403,3,employed,rented,1
1246,61,5596,761,1,employed,mortgage,1
1247,67,5893,695,3,employed,mortgage,1
1248,31,2125,636,4,employed,rented,0
1249,70,5776,441,4,unemployed,rented,0
1250,73,1959,616,4,employed,rented,0
1251,28,5450,826,0,self-employed,mortgage,1
1252,26,5787,700,1,employed,rented,1
1253,51,5497,609,0,self-employed,rented,1
1254,29,1140,794,2,self-employed,mortgage,0
1255,52,4628,408,1,employed,rented,1
1256,52,2768,671,3,employed,mortgage,1
1257,18,1503,505,4,unemployed,mortgage,0
1258,57,6282,342,2,employed,mortgage,1
1259,39,7176,544,1,self-employed,owned,1
1260,46,2600,586,0,unemployed,rented,1
1261,25,6263,654,4,self-employed,mortgage,1
1262,28,5712,775,0,employed,rented,1
1263,58,5448,382,1,employed,rented,1
1264,54,1655,409,1,employed,owned,1
1265,31,3666,489,2,employed,owned,1
1266,47,982,550,3,unemployed,rented,0
1267,52,3912,590,0,self-employed,rented,1
1268,38,6470,500,2,employed,rented,1
1269,54,5292,625,4,unemployed,rented,0
1270,22,6623,810,3,employed,rented,1
1271,36,2317,708,2,employed,rented,1
1272,31,5802,807,0,self-employed,rented,1
1273,43,2156,371,1,self-employed,rented,0
1274,21,4429,546,4,employed,rented,1
1275,42,4428,643,0,self-employed,owned,1
1276,62,9010,353,3,employed,rented,1
1277,59,6932,827,3,employed,rented,1
1278,42,7388,831,1,employed,rented,1
1279,35,4111,492,1,self-employed,rented,1
1280,57,6848,357,4,employed,rented,1
1281,25,7046,736,4,employed,owned,1
1282,56,1787,410,1,employed,mortgage,1
1283,57,4121,428,1,unemployed,owned,1
1284,31,5415,625,3,employed,mortgage,1
1285,49,9165,307,1,employed,rented,1
1286,68,4541,328,2,employed,rented,1
1287,55,3852,411,0,employed,owned,1
1288,50,7374,430,1,unemployed,owned,1
1289,40,1526,487,4,employed,owned,0
1290,32,4560,774,2,unemployed,owned,1
1291,50,6606,663,4,employed,rented,1
1292,42,2675,503,2,self-employed,rented,0
1293,34,7793,511,1,employed,rented,1
1294,50,4833,575,0,employed,owned,1
1295,64,6243,372,4,employed,mortgage,1
1296,72,1789,542,2,self-employed,rented,0
1297,19,4544,401,3,self-employed,owned,0
1298,31,9411,470,1,employed,rented,1
1299,70,1393,487,0,unemployed,owned,0
1300,57,2574,740,1,employed,owned,1
1301,57,1735,385,3,employed,rented,0
1302,68,4608,775,0,employed,rented,1
1303,56,1131,351,3,employed,mortgage,0
1304,68,8722,410,1,unemployed,rented,1
1305,23,3502,342,2,employed,mortgage,1
1306,23,6689,510,1,employed,mortgage,1
1307,20,5854,499,1,employed,mortgage,1
1308,24,4668,325,1,employed,rented,1
1309,68,5000,598,4,employed,owned,1
1310,25,1001,376,3,employed,owned,0
1311,59,3297,436,3,employed,rented,1
1312,69,2642,319,3,employed,rented,1
1313,32,9901,739,4,employed,owned,1
1314,64,5458,510,2,employed,rented,1
1315,46,8344,734,1,employed,owned,1
1316,50,8518,506,2,employed,rented,1
1317,69,1570,738,4,employed,owned,1
1318,47,3955,341,3,employed,rented,1
1319,56,2428,710,1,employed,rented,1
1320,44,1186,822,0,employed,owned,1
1321,53,6831,726,0,employed,rented,1
1322,46,7239,574,2,employed,rented,1
1323,55,7201,747,3,employed,owned,1
1324,74,4808,668,0,self-employed,owned,1
1325,50,3266,519,2,employed,rented,1
1326,54,3082,531,4,employed,rented,1
1327,44,2656,627,2,unemployed,rented,0
1328,72,8780,742,2,employed,owned,1
1329,50,2798,351,2,self-employed,rented,0
1330,21,6276,675,1,employed,owned,1
1331,39,5469,562,2,self-employed,mortgage,0
1332,19,5118,566,2,employed,rented,1
1333,27,7864,658,1,employed,mortgage,1
1334,22,8246,616,1,self-employed,rented,1
1335,27,2231,623,4,employed,rented,0
1336,50,6424,720,3,employed,rented,1
1337,71,8261,345,0,unemployed,rented,1
1338,55,2619,568,0,employed,rented,1
1339,30,1930,680,2,employed,rented,1
1340,48,7363,417,4,employed,rented,1
1341,64,3458,415,2,employed,rented,1
1342,53,4300,559,0,self-employed,rented,1
1343,62,9366,374,1,self-employed,mortgage,1
1344,41,2920,779,3,employed,rented,1
1345,69,4820,604,4,employed,rented,1
1346,73,4059,306,1,employed,rented,1
1347,32,2623,665,3,employed,rented,1
1348,46,2274,822,4,self-employed,mortgage,0
1349,25,3042,647,4,employed,mortgage,1
1350,22,4043,737,0,employed,rented,1
1351,46,7790,514,1,self-employed,rented,1
1352,64,5960,728,4,self-employed,rented,1
1353,21,3934,797,4,employed,rented,1
1354,29,2870,839,3,employed,mortgage,1
1355,62,1159,666,0,employed,owned,1
1356,19,1941,612,2,self-employed,owned,0
1357,44,2435,837,0,employed,owned,1
1358,48,4800,353,2,employed,rented,1
1359,68,4161,840,1,employed,mortgage,1
1360,68,7383,766,1,employed,owned,1
1361,53,8635,463,4,employed,rented,1
1362,53,806,633,1,self-employed,rented,0
1363,43,4067,846,4,self-employed,rented,1
1364,60,7364,647,0,self-employed,rented,1
1365,44,5728,572,1,employed,mortgage,1
1366,22,3406,713,0,unemployed,owned,1
1367,37,6706,799,0,self-employed,rented,1
1368,28,4073,392,1,employed,owned,1
1369,27,8411,378,0,employed,rented,1
1370,57,1713,516,1,employed,mortgage,1
1371,55,2811,657,1,self-employed,owned,1
1372,23,2242,806,1,employed,owned,1
1373,25,6346,480,2,self-employed,rented,0
1374,40,2629,545,0,employed,rented,1
1375,64,9567,543,3,unemployed,rented,0
1376,43,7268,805,1,employed,owned,1
1377,63,1729,721,0,unemployed,owned,1
1378,60,4499,619,4,employed,rented,1
1379,29,1854,386,1,self-employed,owned,0
1380,43,6544,516,1,employed,mortgage,1
1381,30,2700,789,3,employed,owned,1
1382,57,7780,818,2,employed,rented,1
1383,35,7869,577,2,employed,owned,1
1384,42,4215,468,1,employed,owned,1
1385,50,1242,629,0,employed,rented,1
1386,64,7018,740,4,self-employed,rented,1
1387,57,5452,690,4,employed,owned,1
1388,60,8739,795,0,employed,owned,1
1389,29,8633,680,1,employed,owned,1
1390,61,8397,605,4,employed,rented,1
1391,53,5258,812,2,self-employed,rented,1
1392,65,7391,487,0,employed,owned,1
1393,21,3109,815,3,self-employed,rented,1
1394,22,7068,726,1,employed,rented,1
1395,73,1710,801,0,employed,mortgage,1
1396,54,5140,559,4,self-employed,mortgage,0
1397,25,4809,812,1,employed,rented,1
1398,59,7428,370,2,employed,owned,1
1399,66,2969,777,1,employed,owned,1
1400,45,2972,477,1,self-employed,rented,1
1401,48,6468,756,2,employed,mortgage,1
1402,26,7113,488,2,employed,rented,1
1403,71,9115,590,1,employed,rented,1
1404,68,8836,819,2,employed,rented,1
1405,46,7589,591,0,self-employed,rented,1
1406,31,1585,582,2,employed,owned,0
1407,57,6939,843,2,employed,rented,1
1408,58,7144,676,1,self-employed,owned,1
1409,39,3216,455,0,employed,owned,1
1410,28,9788,807,3,employed,rented,1
1411,40,4954,712,3,employed,owned,1
1412,18,6419,827,4,employed,owned,1
1413,63,2736,654,2,employed,owned,1
1414,54,4607,486,2,employed,mortgage,1
1415,38,7951,330,0,employed,rented,1
1416,43,4036,559,3,employed,owned,1
1417,63,3152,720,4,employed,rented,1
1418,53,2732,828,0,employed,owned,1
1419,71,9356,603,2,employed,rented,1
1420,40,5716,338,3,self-employed,rented,0
1421,74,6298,788,4,employed,mortgage,1
1422,18,1746,841,1,unemployed,rented,1
1423,71,2239,577,3,employed,mortgage,0
1424,72,8530,502,4,self-employed,mortgage,0
1425,68,5657,365,0,self-employed,mortgage,1
1426,57,1140,407,1,employed,rented,1
1427,32,1182,567,4,employed,rented,0
1428,38,9291,521,4,employed,rented,1
1429,64,938,829,2,employed,owned,1
1430,26,1158,389,3,employed,owned,0
1431,70,5731,554,2,self-employed,rented,0
1432,26,4256,754,1,employed,rented,1
1433,27,2427,552,4,employed,mortgage,0
1434,69,7426,556,2,employed,owned,1
1435,74,5804,682,3,employed,owned,1
1436,70,7452,741,1,self-employed,rented,1
1437,43,7216,389,0,self-employed,rented,1
1438,58,3970,689,2,employed,owned,1
1439,52,4635,343,1,employed,mortgage,1
1440,69,8817,318,0,employed,rented,1
1441,42,2951,400,2,unemployed,rented,0
1442,43,7705,656,1,employed,mortgage,1
1443,28,3634,841,1,employed,rented,1
1444,55,9990,332,2,self-employed,rented,0
1445,19,3367,528,1,employed,mortgage,1
1446,24,2107,823,4,self-employed,owned,0
1447,35,9648,454,2,employed,rented,1
1448,44,3460,722,1,self-employed,owned,1
1449,51,4530,545,0,employed,owned,1
1450,44,7007,704,0,employed,mortgage,1
1451,34,3962,840,4,employed,rented,1
1452,60,1940,460,2,self-employed,rented,0
1453,61,9258,416,1,employed,mortgage,1
1454,68,2508,570,1,employed,mortgage,1
1455,71,4430,786,0,employed,mortgage,1
1456,41,4011,471,4,employed,rented,1
1457,42,7338,573,0,employed,rented,1
1458,24,1275,558,0,self-employed,owned,0
1459,69,8484,434,4,employed,rented,1
1460,23,9968,721,2,employed,rented,1
1461,70,2007,720,1,employed,rented,1
1462,41,2760,485,2,employed,rented,1
1463,50,1357,663,3,employed,mortgage,1
1464,66,1682,677,3,employed,rented,1
1465,46,5561,822,3,employed,rented,1
1466,60,6667,495,4,employed,rented,1
1467,39,7763,397,0,self-employed,owned,1
1468,43,7966,321,2,employed,owned,1
1469,45,8729,749,1,employed,rented,1
1470,67,6147,471,3,unemployed,owned,0
1471,38,8069,682,2,unemployed,rented,1
1472,66,8925,433,3,employed,rented,1
1473,24,3254,725,3,employed,owned,1
1474,34,5294,324,1,self-employed,owned,1
1475,37,2746,802,4,employed,rented,1
1476,58,3608,484,0,employed,rented,1
1477,66,7442,384,4,employed,rented,1
1478,37,4625,443,2,employed,rented,1
1479,71,4336,711,4,employed,rented,1
1480,39,6868,523,2,unemployed,mortgage,0
1481,45,4602,519,2,employed,rented,1
1482,57,5499,478,0,employed,mortgage,1
1483,66,2770,732,1,employed,owned,1
1484,24,6606,564,0,employed,rented,1
1485,18,6942,728,4,unemployed,rented,1
1486,49,3619,715,2,employed,owned,1
1487,30,9894,752,3,self-employed,owned,1
1488,47,1164,496,3,employed,rented,0
1489,40,5058,352,2,employed,owned,1
1490,68,3919,779,0,self-employed,owned,1
1491,73,2663,742,1,employed,mortgage,1
1492,36,915,629,0,employed,mortgage,1
1493,49,7884,550,2,unemployed,rented,0
1494,47,8816,422,2,employed,rented,1
1495,46,3184,686,1,self-employed,mortgage,1
1496,66,4735,638,4,self-employed,rented,0
1497,62,8542,647,4,employed,owned,1
1498,46,6242,328,1,employed,mortgage,1
1499,47,3290,334,4,employed,rented,1
1500,33,7780,817,3,employed,rented,1
1501,57,9934,695,4,unemployed,rented,1
1502,36,8461,593,4,unemployed,rented,0
1503,35,2524,648,4,employed,mortgage,1
1504,18,8982,446,3,employed,rented,1
1505,31,3567,366,4,employed,mortgage,1
1506,68,1937,819,3,employed,mortgage,1
1507,64,4917,421,1,self-employed,rented,1
1508,67,4220,639,0,employed,rented,1
1509,19,6645,474,1,self-employed,rented,1
1510,71,5578,750,0,employed,owned,1
1511,45,4706,435,1,unemployed,owned,1
1512,66,4437,315,0,employed,rented,1
1513,67,3753,632,0,employed,rented,1
1514,47,6729,494,2,employed,owned,1
1515,55,1076,795,0,unemployed,owned,1
1516,68,2799,308,0,employed,mortgage,1
1517,21,2027,633,2,employed,rented,0
1518,18,7137,632,4,employed,mortgage,1
1519,25,4535,626,4,employed,rented,1
1520,46,1495,314,2,employed,rented,0
1521,72,4952,525,3,self-employed,owned,0
1522,56,8701,724,0,employed,rented,1
1523,20,8270,707,0,employed,rented,1
1524,49,8337,412,2,employed,owned,1
1525,27,3641,727,2,employed,rented,1
1526,27,5008,300,3,employed,rented,1
1527,36,9533,565,4,employed,rented,1
1528,63,1888,790,1,employed,rented,1
1529,51,4163,507,4,employed,rented,1
1530,50,824,668,0,unemployed,rented,1
1531,40,6944,605,2,employed,mortgage,1
1532,72,6468,311,3,self-employed,mortgage,0
1533,45,5036,644,4,employed,mortgage,1
1534,49,8868,764,3,employed,rented,1
1535,67,3035,793,4,employed,rented,1
1536,24,8095,667,0,employed,rented,1
1537,46,9192,719,1,self-employed,owned,1
1538,25,9248,470,3,self-employed,mortgage,0
1539,18,4547,433,3,employed,rented,1
1540,74,3975,726,1,employed,owned,1
1541,72,5697,324,3,employed,owned,1
1542,20,5837,829,3,employed,mortgage,1
1543,41,8227,489,4,employed,owned,1
1544,40,9405,440,4,self-employed,owned,0
1545,25,2814,614,1,self-employed,rented,1
1546,71,2181,743,0,self-employed,owned,1
1547,74,1898,618,3,unemployed,mortgage,0
1548,64,4226,740,0,employed,rented,1
1549,54,4455,391,1,employed,rented,1
1550,20,8738,478,1,employed,mortgage,1
1551,68,9901,355,4,employed,rented,1
1552,50,987,454,3,employed,rented,0
1553,45,6209,410,2,unemployed,rented,0
1554,64,2892,436,1,self-employed,rented,1
1555,25,2930,531,3,self-employed,rented,0
1556,51,6042,767,0,self-employed,rented,1
1557,52,9349,780,4,self-employed,mortgage,1
1558,49,6447,367,0,employed,rented,1
1559,41,5985,548,1,unemployed,mortgage,1
1560,31,6576,622,1,employed,rented,1
1561,49,8713,817,0,employed,rented,1
1562,73,8347,731,1,self-employed,mortgage,1
1563,63,8623,786,3,self-employed,owned,1
1564,60,8155,728,1,employed,rented,1
1565,33,7265,568,4,employed,rented,1
1566,21,2297,836,3,employed,rented,1
1567,69,3355,447,2,employed,owned,1
1568,54,6209,417,1,self-employed,rented,1
1569,71,3751,666,1,employed,rented,1
1570,38,2038,365,4,employed,rented,0
1571,31,9965,669,4,employed,mortgage,1
1572,48,5527,474,0,employed,mortgage,1
1573,72,4765,794,0,employed,rented,1
1574,65,6486,413,0,self-employed,mortgage,1
1575,35,4501,410,4,employed,rented,1
1576,24,3580,738,0,employed,rented,1
1577,27,8198,446,0,employed,rented,1
1578,24,2388,334,2,employed,rented,0
1579,50,3168,608,0,self-employed,owned,1
1580,40,6589,837,1,employed,rented,1
1581,38,1236,313,4,unemployed,rented,0
1582,36,3628,673,3,employed,rented,1
1583,65,2356,727,2,employed,mortgage,1
1584,36,8370,532,4,employed,rented,1
1585,53,8280,739,4,employed,owned,1
1586,46,982,801,1,self-employed,rented,1
1587,35,7990,574,0,employed,rented,1
1588,19,7487,375,1,employed,rented,1
1589,18,6365,738,0,employed,owned,1
1590,64,8041,588,0,employed,rented,1
1591,22,8451,839,4,self-employed,mortgage,1
1592,37,6375,552,0,employed,rented,1
1593,28,2389,425,2,employed,mortgage,0
1594,59,9651,476,2,self-employed,mortgage,0
1595,19,959,336,2,employed,owned,0
1596,20,7355,709,4,employed,rented,1
1597,40,9044,426,1,employed,rented,1
1598,72,7646,782,3,unemployed,owned,1
1599,29,3107,467,0,unemployed,rented,1
1600,37,2028,593,3,employed,rented,0
1601,22,8026,642,1,employed,owned,1
1602,54,6390,609,1,self-employed,mortgage,1
1603,55,7719,827,4,employed,rented,1
1604,47,6385,839,2,employed,mortgage,1
1605,26,6846,718,2,employed,rented,1
1606,51,5745,743,1,self-employed,mortgage,1
1607,70,8727,535,4,employed,rented,1
1608,61,7816,738,4,employed,owned,1
1609,52,8558,513,0,employed,rented,1
1610,69,5886,384,2,employed,rented,1
1611,39,7961,384,1,self-employed,rented,1
1612,61,2684,788,3,employed,rented,1
1613,41,2609,364,2,employed,owned,1
1614,34,3967,363,0,employed,rented,1
1615,27,7152,642,4,employed,rented,1
1616,47,9809,651,1,self-employed,rented,1
1617,73,6856,457,2,employed,rented,1
1618,63,3237,790,3,unemployed,mortgage,1
1619,40,7268,762,0,employed,rented,1
1620,49,9880,524,0,employed,rented,1
1621,34,6751,612,2,employed,mortgage,1
1622,67,6076,765,3,employed,rented,1
1623,68,9659,387,0,employed,owned,1
1624,34,8618,602,1,unemployed,owned,1
1625,31,5528,734,0,employed,rented,1
1626,26,3424,434,3,employed,owned,1
1627,57,6538,349,4,unemployed,rented,0
1628,19,5032,731,4,self-employed,owned,1
1629,62,6593,639,2,employed,owned,1
1630,42,5323,646,3,employed,rented,1
1631,56,6371,646,0,employed,mortgage,1
1632,26,9810,544,0,unemployed,rented,1
1633,71,3024,408,4,self-employed,mortgage,0
1634,39,9189,832,4,self-employed,mortgage,1
1635,60,6891,389,1,unemployed,owned,1
1636,63,9462,595,4,employed,rented,1
1637,21,7161,411,1,self-employed,rented,1
1638,43,2748,476,0,employed,mortgage,1
1639,46,7894,642,1,employed,rented,1
1640,62,7118,400,1,employed,mortgage,1
1641,51,4596,700,2,self-employed,owned,1
1642,40,1034,327,4,self-employed,owned,0
1643,54,9920,836,1,employed,rented,1
1644,28,4407,357,0,unemployed,rented,1
1645,23,8843,797,3,self-employed,owned,1
1646,35,1322,596,1,employed,rented,1
1647,38,6704,433,4,employed,owned,1
1648,59,5688,630,2,unemployed,rented,0
1649,53,6632,548,0,employed,mortgage,1
1650,58,7922,849,2,employed,mortgage,1
1651,55,6642,374,3,unemployed,rented,0
1652,51,2116,467,1,self-employed,rented,0
1653,34,1924,802,1,employed,rented,1
1654,54,6421,654,4,unemployed,owned,1
1655,42,6223,524,1,employed,rented,1
1656,55,3387,830,0,employed,owned,1
1657,29,6472,445,3,employed,mortgage,1
1658,40,2178,540,2,employed,mortgage,0
1659,70,4174,643,3,self-employed,rented,0
1660,59,2319,334,1,employed,rented,1
1661,39,6577,300,2,employed,owned,1
1662,38,8735,452,4,employed,rented,1
1663,44,6893,728,3,self-employed,rented,1
1664,74,9218,807,2,employed,rented,1
1665,48,6155,425,2,employed,owned,1
1666,23,5768,790,2,employed,mortgage,1
1667,44,9883,781,0,self-employed,rented,1
1668,57,6374,644,3,employed,mortgage,1
1669,51,4872,520,2,employed,mortgage,1
1670,29,3057,324,3,employed,mortgage,1
1671,62,9388,827,2,unemployed,owned,1
1672,74,5224,481,4,employed,owned,1
1673,70,4037,798,4,employed,rented,1
1674,24,4693,341,4,employed,owned,1
1675,27,2805,780,1,employed,rented,1
1676,62,2816,738,2,unemployed,rented,1
1677,34,2572,701,1,employed,rented,1
1678,43,9153,845,3,self-employed,owned,1
1679,38,4776,644,1,self-employed,mortgage,1
1680,45,2551,344,3,employed,owned,1
1681,63,9767,320,3,unemployed,rented,0
1682,19,8230,369,3,unemployed,rented,0
1683,71,7970,347,1,self-employed,rented,1
1684,60,7269,790,2,employed,rented,1
1685,18,9931,586,1,employed,owned,1
1686,68,4020,309,2,employed,rented,1
1687,70,1339,841,2,self-employed,owned,0
1688,53,2261,573,3,employed,owned,0
1689,68,5984,680,1,employed,rented,1
1690,43,9347,628,2,employed,rented,1
1691,46,1034,778,4,employed,rented,1
1692,38,2348,314,2,employed,rented,0
1693,28,8280,815,4,employed,mortgage,1
1694,57,5013,490,1,employed,mortgage,1
1695,28,2473,467,1,self-employed,rented,0
1696,53,7508,820,1,employed,owned,1
1697,66,8782,436,2,unemployed,rented,0
1698,56,2900,453,0,employed,owned,1
1699,57,4548,687,2,employed,rented,1
1700,52,3973,508,2,self-employed,rented,0
1701,71,2615,571,3,unemployed,rented,0
1702,51,4641,442,3,employed,rented,1
1703,72,8816,368,2,self-employed,owned,0
1704,64,7811,546,4,self-employed,rented,0
1705,41,5293,560,3,self-employed,rented,0
1706,71,1474,378,2,employed,rented,0
1707,39,8888,824,0,employed,rented,1
1708,22,9378,629,4,employed,rented,1
1709,73,2958,488,1,employed,rented,1
1710,50,3461,394,2,employed,rented,1
1711,53,2864,307,2,unemployed,owned,0
1712,64,4053,366,4,employed,owned,1
1713,37,5779,795,3,employed,rented,1
1714,36,8503,490,3,employed,owned,1
1715,52,9731,665,3,unemployed,rented,1
1716,69,2201,820,1,employed,rented,1
1717,60,4059,416,4,self-employed,mortgage,0
1718,34,4723,566,4,employed,mortgage,1
1719,62,5014,784,3,unemployed,owned,1
1720,60,4027,808,3,self-employed,mortgage,1
1721,51,3545,597,0,employed,rented,1
1722,26,6891,463,0,self-employed,rented,1
1723,43,4666,675,2,employed,owned,1
1724,19,6618,567,2,employed,mortgage,1
1725,70,3022,848,4,employed,owned,1
1726,26,3592,373,4,employed,mortgage,1
1727,26,4863,807,1,self-employed,owned,1
1728,57,2324,372,1,employed,rented,1
1729,34,9024,607,0,employed,rented,1
1730,18,6998,498,2,employed,owned,1
1731,42,4825,429,0,employed,owned,1
1732,60,3366,786,0,employed,rented,1
1733,57,3603,450,2,unemployed,owned,0
1734,59,4509,505,1,employed,rented,1
1735,42,6955,478,2,employed,rented,1
1736,56,1519,496,3,employed,mortgage,0
1737,52,7316,388,3,employed,rented,1
1738,20,5379,733,3,employed,owned,1
1739,67,1772,482,4,self-employed,rented,0
1740,54,4518,508,1,employed,owned,1
1741,61,8195,792,1,employed,mortgage,1
1742,61,5202,429,4,employed,mortgage,1
1743,68,5352,312,0,employed,rented,1
1744,47,3007,405,3,unemployed,owned,0
1745,55,5226,674,3,employed,mortgage,1
1746,51,7719,398,0,employed,mortgage,1
1747,29,9635,491,2,unemployed,mortgage,0
1748,36,9186,624,2,employed,mortgage,1
1749,54,9480,766,1,employed,rented,1
1750,61,3004,666,4,employed,owned,1
1751,66,6145,617,1,employed,rented,1
1752,34,4076,443,2,self-employed,rented,0
1753,27,1902,683,0,employed,rented,1
1754,74,6043,515,1,unemployed,rented,1
1755,72,7414,660,3,employed,owned,1
1756,66,9507,623,3,self-employed,rented,0
1757,64,6023,314,0,employed,rented,1
1758,29,9384,516,2,employed,owned,1
1759,33,1430,791,3,employed,rented,1
1760,41,9971,846,3,employed,mortgage,1
1761,36,7483,482,4,employed,mortgage,1
1762,25,1077,569,1,unemployed,rented,0
1763,48,1032,766,2,self-employed,rented,0
1764,38,6490,818,1,employed,owned,1
1765,34,8459,841,2,employed,rented,1
1766,40,825,766,3,self-employed,rented,0
1767,54,8268,604,4,employed,rented,1
1768,71,7210,443,1,self-employed,mortgage,1
1769,33,9452,410,3,employed,rented,1
1770,23,4564,531,2,employed,owned,1
1771,25,7399,799,1,employed,owned,1
1772,42,5902,572,1,employed,rented,1
1773,35,7806,472,3,employed,rented,1
1774,42,4283,306,1,self-employed,mortgage,1
1775,29,2794,454,4,self-employed,rented,0
1776,32,9482,821,4,employed,rented,1
1777,43,1872,845,3,employed,rented,1
1778,58,7507,847,2,employed,rented,1
1779,62,1015,817,3,self-employed,rented,0
1780,43,8405,514,4,employed,rented,1
1781,64,3406,433,0,employed,rented,1
1782,49,9150,584,0,employed,owned,1
1783,27,5581,425,1,employed,mortgage,1
1784,33,4113,738,1,self-employed,rented,1
1785,24,8563,451,0,employed,owned,1
1786,34,6739,630,4,employed,owned,1
1787,40,3095,837,1,employed,owned,1
1788,43,6485,682,3,employed,rented,1
1789,38,2496,414,3,employed,owned,0
1790,39,2746,781,4,employed,owned,1
1791,24,3583,583,1,employed,rented,1
1792,31,4444,374,3,employed,rented,1
1793,32,6041,465,1,employed,owned,1
1794,70,7220,488,1,employed,rented,1
1795,24,8357,377,3,unemployed,rented,0
1796,26,3445,320,0,employed,mortgage,1
1797,68,7389,483,3,employed,rented,1
1798,65,7153,521,4,employed,owned,1
1799,25,2732,627,2,employed,rented,1
1800,67,2557,478,3,employed,rented,1
1801,40,5885,411,1,self-employed,owned,1
1802,46,6437,358,1,employed,mortgage,1
1803,35,1916,626,3,employed,rented,0
1804,48,1292,490,2,unemployed,mortgage,0
1805,47,9611,499,3,employed,rented,1
1806,69,8688,611,2,self-employed,rented,0
1807,56,7274,334,2,employed,rented,1
1808,52,5758,678,4,self-employed,rented,1
1809,35,3543,686,1,self-employed,rented,1
1810,59,8666,536,1,self-employed,mortgage,1
1811,56,7960,818,2,self-employed,rented,1
1812,34,6251,582,1,self-employed,mortgage,1
1813,31,6058,300,0,unemployed,mortgage,1
1814,48,9348,763,2,employed,mortgage,1
1815,41,7986,529,1,employed,rented,1
1816,52,6902,471,0,employed,rented,1
1817,61,9861,386,4,self-employed,owned,0
1818,62,9877,422,1,unemployed,rented,1
1819,51,1419,597,0,self-employed,owned,0
1820,20,1682,783,3,self-employed,owned,0
1821,54,9788,464,3,employed,owned,1
1822,60,4442,682,0,employed,mortgage,1
1823,57,2096,508,2,employed,mortgage,0
1824,43,9236,731,2,employed,rented,1
1825,72,3695,688,1,employed,rented,1
1826,40,7393,523,3,self-employed,rented,0
1827,61,1729,302,2,unemployed,rented,0
1828,56,6166,671,2,employed,rented,1
1829,32,9511,745,3,employed,rented,1
1830,73,4012,415,4,employed,rented,1
1831,66,3209,569,2,employed,rented,1
1832,21,8999,746,0,employed,rented,1
1833,46,4223,667,1,employed,rented,1
1834,39,7776,552,2,employed,mortgage,1
1835,42,8394,616,2,employed,owned,1
1836,30,5958,714,4,self-employed,rented,1
1837,35,4467,394,0,employed,rented,1
1838,50,6773,323,1,employed,owned,1
1839,33,7036,349,2,employed,rented,1
1840,62,9077,801,1,employed,owned,1
1841,59,3268,797,3,employed,rented,1
1842,61,7017,634,2,unemployed,rented,0
1843,19,4419,378,2,employed,rented,1
1844,72,2436,326,3,employed,rented,0
1845,52,8955,570,4,employed,owned,1
1846,59,4383,546,2,employed,rented,1
1847,51,4809,686,1,employed,owned,1
1848,47,4126,660,0,employed,mortgage,1
1849,72,8948,787,1,unemployed,mortgage,1
1850,30,3017,651,4,self-employed,rented,1
1851,30,5767,555,0,unemployed,mortgage,1
1852,35,3169,521,1,employed,rented,1
1853,49,4438,300,1,employed,mortgage,1
1854,49,9935,845,3,self-employed,rented,1
1855,52,6522,745,4,employed,owned,1
1856,56,5244,378,3,employed,mortgage,1
1857,63,8418,535,0,employed,owned,1
1858,69,4747,633,3,employed,owned,1
1859,46,2476,648,4,employed,owned,0
1860,66,1996,397,2,employed,rented,0
1861,46,3587,381,2,employed,rented,1
1862,70,8232,801,0,self-employed,rented,1
1863,61,8727,776,2,employed,mortgage,1
1864,74,4118,849,3,employed,owned,1
1865,33,9658,313,0,employed,mortgage,1
1866,73,7489,691,4,employed,mortgage,1
1867,61,2976,646,0,employed,owned,1
1868,64,4543,609,0,self-employed,rented,1
1869,74,9592,685,1,employed,mortgage,1
1870,27,5222,508,1,self-employed,rented,1
1871,47,4624,656,0,employed,rented,1
1872,42,9971,393,2,employed,rented,1
1873,56,3251,392,1,self-employed,rented,1
1874,37,1428,639,4,employed,owned,0
1875,22,8578,744,3,employed,rented,1
1876,18,4496,321,1,employed,owned,1
1877,47,4474,590,0,employed,rented,1
1878,66,4729,784,2,employed,mortgage,1
1879,20,3565,605,3,employed,rented,1
1880,62,5169,427,1,employed,mortgage,1
1881,31,9107,572,2,employed,rented,1
1882,73,5756,741,2,unemployed,rented,1
1883,47,1492,802,2,self-employed,rented,0
1884,67,3962,429,0,unemployed,mortgage,1
1885,21,1905,431,4,employed,rented,0
1886,35,3808,781,2,self-employed,owned,1
1887,54,2961,689,3,employed,mortgage,1
1888,42,9145,624,1,self-employed,rented,1
1889,65,4499,368,3,employed,owned,1
1890,18,4586,747,0,employed,rented,1
1891,70,5000,827,0,unemployed,mortgage,1
1892,63,2713,464,3,employed,rented,1
1893,32,6320,787,4,employed,rented,1
1894,26,2572,725,0,self-employed,mortgage,1
1895,32,3580,564,0,self-employed,rented,1
1896,66,8223,641,3,self-employed,rented,0
1897,74,3671,577,0,employed,owned,1
1898,41,1460,738,4,employed,owned,1
1899,21,7042,456,4,employed,rented,1
1900,29,1932,721,4,employed,mortgage,1
1901,54,1499,550,1,employed,owned,1
1902,54,8270,829,4,employed,rented,1
1903,60,7097,626,4,employed,owned,1
1904,23,8612,396,1,employed,rented,1
1905,56,5357,812,2,unemployed,owned,1
1906,73,2979,515,0,self-employed,owned,1
1907,63,9865,431,4,unemployed,owned,0
1908,41,9075,559,0,unemployed,rented,1
1909,28,2222,424,3,employed,rented,0
1910,30,3980,381,0,self-employed,owned,1
1911,51,5116,582,1,employed,mortgage,1
1912,42,7496,358,0,self-employed,owned,1
1913,24,1414,843,0,self-employed,rented,1
1914,69,5370,460,0,self-employed,mortgage,1
1915,21,1070,583,2,employed,rented,0
1916,25,3268,405,2,employed,rented,1
1917,37,4407,404,3,employed,owned,1
1918,46,3875,738,1,employed,rented,1
1919,71,1089,527,0,employed,rented,1
1920,70,8920,617,0,employed,mortgage,1
1921,68,7414,763,0,employed,owned,1
1922,62,4052,771,0,employed,rented,1
1923,63,8215,355,2,unemployed,rented,0
1924,27,7571,312,3,employed,mortgage,1
1925,60,1078,739,4,employed,owned,1
1926,51,1380,317,1,unemployed,mortgage,0
1927,74,5758,412,0,employed,rented,1
1928,43,9245,528,3,self-employed,rented,0
1929,58,5076,470,4,employed,owned,1
1930,66,8797,594,3,employed,rented,1
1931,20,5576,488,2,employed,rented,1
1932,73,1624,725,4,employed,rented,1
1933,23,4632,378,3,employed,owned,1
1934,22,9691,481,2,employed,owned,1
1935,22,6245,798,3,employed,mortgage,1
1936,71,2180,370,3,employed,mortgage,0
1937,64,7334,547,4,employed,rented,1
1938,40,3956,445,2,employed,owned,1
1939,66,5107,595,0,employed,rented,1
1940,26,6434,769,1,employed,rented,1
1941,52,9375,805,4,employed,mortgage,1
1942,37,6610,492,2,employed,rented,1
1943,66,9333,367,3,employed,mortgage,1
1944,59,6734,793,2,self-employed,mortgage,1
1945,52,3909,351,1,employed,mortgage,1
1946,67,4882,662,1,unemployed,owned,1
1947,35,4040,773,0,self-employed,owned,1
1948,34,6828,820,0,employed,rented,1
1949,41,2649,730,1,employed,rented,1
1950,20,9297,597,4,self-employed,owned,0
1951,49,3549,734,4,self-employed,owned,1
1952,52,7480,497,3,employed,rented,1
1953,55,1005,427,0,unemployed,rented,0
1954,30,8152,831,3,self-employed,rented,1
1955,73,5391,710,0,employed,rented,1
1956,64,4250,364,1,self-employed,rented,1
1957,42,8014,540,4,employed,rented,1
1958,26,4611,668,4,employed,owned,1
1959,21,5941,835,1,self-employed,rented,1
1960,31,9301,683,3,self-employed,rented,1
1961,54,3508,730,3,employed,owned,1
1962,51,2791,382,2,employed,rented,1
1963,28,9263,585,0,employed,rented,1
1964,58,4073,833,3,unemployed,rented,1
1965,73,5338,758,1,employed,rented,1
1966,20,9512,511,3,self-employed,rented,0
1967,45,9968,425,4,self-employed,rented,0
1968,46,4522,712,0,employed,mortgage,1
1969,26,4351,798,2,employed,owned,1
1970,20,3632,724,0,employed,mortgage,1
1971,42,6479,842,4,employed,rented,1
1972,51,7379,457,4,employed,owned,1
1973,29,952,411,4,employed,owned,0
1974,59,6554,701,4,employed,rented,1
1975,26,3600,421,1,employed,rented,1
1976,32,6110,572,2,employed,owned,1
1977,57,3410,593,4,employed,owned,1
1978,42,1904,697,4,employed,rented,1
1979,22,8161,770,3,employed,owned,1
1980,28,4999,506,2,employed,mortgage,1
1981,51,4654,409,0,employed,rented,1
1982,41,8063,739,2,employed,rented,1
1983,32,2714,577,2,self-employed,rented,0
1984,55,8165,781,2,employed,owned,1
1985,25,3872,413,4,employed,mortgage,1
1986,22,9998,776,4,unemployed,owned,1
1987,65,1206,620,1,employed,rented,1
1988,43,966,478,0,employed,rented,1
1989,35,1308,518,3,self-employed,owned,0
1990,23,2461,827,2,unemployed,rented,0
1991,54,4464,791,0,self-employed,mortgage,1
1992,65,4289,360,0,unemployed,rented,1
1993,30,1480,353,1,employed,mortgage,1
1994,45,3324,837,3,employed,mortgage,1
1995,22,2920,364,2,employed,rented,1
1996,30,6060,470,3,employed,rented,1
1997,34,5157,572,1,employed,rented,1
1998,67,2163,834,4,self-employed,rented,0
1999,57,3092,690,0,employed,owned,1
2000,62,2338,626,2,employed,mortgage,0
